1;[(139, 4), (151, 4), (166, 1), (311, 1), (370, 2), (392, 1), (439, 1), (440, 2), (441, 4), (454, 1), (461, 4), (502, 1), (503, 1), (505, 1), (520, 2), (522, 1), (526, 3), (527, 2), (533, 4), (593, 1), (619, 1), (737, 1), (742, 1), (789, 1), (827, 1), (835, 1), (861, 1), (875, 4), (891, 1), (921, 2), (922, 2), (1175, 1), (1185, 1), (1222, 1)]
2;[(169, 1), (434, 2), (454, 1), (498, 1), (499, 1), (592, 1), (875, 3)]
3;[(23, 1), (40, 1), (139, 4), (190, 1), (221, 1), (246, 1), (309, 1), (311, 2), (325, 1), (345, 1), (347, 1), (356, 1), (370, 2), (374, 1), (375, 4), (439, 1), (440, 3), (454, 3), (515, 1), (520, 1), (524, 1), (526, 2), (527, 3), (533, 1), (535, 1), (560, 1), (561, 1), (571, 1), (584, 1), (604, 1), (623, 1), (633, 4), (733, 1), (742, 2), (854, 1), (856, 4), (950, 1), (967, 1), (1144, 4), (1161, 1), (1172, 1), (1175, 1), (1196, 1)]
4;[(503, 1), (538, 1), (539, 1), (540, 1), (553, 1), (604, 4), (669, 2), (711, 4), (876, 4)]
5;[(23, 3), (47, 4), (50, 1), (60, 1), (114, 2), (132, 1), (135, 1), (139, 1), (151, 4), (169, 1), (189, 1), (190, 1), (197, 1), (200, 1), (226, 1), (256, 4), (265, 1), (297, 1), (298, 1), (299, 1), (311, 1), (312, 1), (325, 3), (333, 1), (343, 1), (347, 2), (349, 1), (369, 1), (370, 4), (371, 1), (374, 4), (386, 2), (392, 1), (410, 1), (420, 1), (427, 1), (428, 1), (430, 2), (434, 1), (437, 1), (439, 4), (440, 1), (441, 1), (450, 1), (461, 3), (465, 2), (478, 1), (496, 3), (497, 4), (498, 4), (499, 4), (500, 3), (501, 1), (502, 1), (503, 4), (505, 1), (511, 3), (513, 1), (516, 2), (520, 1), (524, 2), (531, 1), (533, 4), (549, 1), (553, 2), (559, 1), (561, 1), (568, 1), (590, 1), (592, 2), (593, 4), (604, 1), (605, 1), (633, 4), (669, 1), (701, 1), (702, 1), (710, 4), (711, 1), (722, 1), (724, 1), (729, 1), (731, 1), (733, 1), (750, 1), (761, 1), (763, 1), (772, 1), (779, 1), (788, 1), (805, 4), (843, 1), (845, 1), (856, 4), (857, 1), (861, 4), (864, 1), (867, 2), (875, 4), (876, 1), (888, 1), (889, 1), (895, 3), (925, 1), (935, 1), (943, 1), (944, 1), (975, 4), (980, 3), (982, 1), (990, 1), (1000, 1), (1019, 1), (1038, 1), (1040, 1), (1064, 3), (1076, 1), (1080, 1), (1088, 1), (1091, 1), (1092, 1), (1093, 1), (1098, 1), (1144, 4), (1156, 1), (1175, 3), (1185, 1), (1188, 1), (1196, 1), (1223, 1), (1226, 1)]
6;[(25, 1), (31, 4), (90, 1), (195, 1), (326, 1), (370, 2), (438, 1), (440, 1), (441, 1), (503, 3), (511, 1), (586, 1), (592, 2), (593, 1), (722, 1), (731, 1), (734, 1), (805, 1), (875, 3), (922, 1), (963, 1), (975, 2), (1092, 1), (1093, 1)]
7;[(45, 1), (53, 1), (166, 1), (171, 1), (256, 2), (370, 1), (371, 4), (386, 1), (410, 1), (439, 2), (535, 1), (623, 4), (633, 1), (634, 1), (640, 1), (669, 1), (831, 1), (853, 1), (856, 4), (857, 1), (921, 1), (1027, 1), (1054, 2), (1056, 1), (1057, 1), (1059, 1), (1064, 3), (1161, 1)]
8;[(23, 4), (169, 1), (322, 1), (370, 1), (386, 1), (435, 1), (439, 2), (463, 1), (496, 1), (497, 1), (498, 1), (499, 4), (503, 1), (605, 1), (683, 3), (710, 1), (750, 1), (771, 1), (867, 1), (875, 1), (944, 1), (1125, 3)]
9;[(165, 4), (174, 1), (362, 1), (370, 1), (414, 4), (443, 1), (794, 3), (992, 2), (1040, 1), (1115, 2)]
10;[(30, 4), (126, 2), (157, 4), (170, 4), (296, 4), (301, 1), (322, 1), (370, 2), (413, 4), (443, 3), (581, 4), (676, 4), (715, 1), (722, 1), (728, 3), (758, 1), (782, 2), (835, 1), (878, 4), (941, 1), (1115, 4), (1215, 1), (1218, 4), (1234, 1), (1239, 3)]
11;[(36, 1), (46, 1), (96, 3), (186, 1), (301, 1), (428, 2), (518, 3), (649, 1), (652, 1), (659, 1), (772, 2), (796, 4), (798, 4), (799, 1), (835, 1), (837, 1), (908, 1), (909, 4), (991, 4), (1119, 1), (1178, 1), (1226, 1)]
12;[(70, 4), (181, 1), (443, 3), (466, 3), (755, 1), (918, 1), (1115, 1)]
13;[(156, 4), (301, 4), (314, 4), (322, 3), (370, 1), (443, 3), (462, 2), (522, 1), (643, 1), (695, 3), (715, 1), (719, 1), (722, 1), (763, 2), (764, 1), (791, 4), (822, 1), (900, 1), (902, 3), (978, 1), (1017, 1), (1033, 1), (1097, 1), (1124, 1)]
14;[(5, 2), (89, 1), (92, 1), (131, 4), (135, 1), (150, 4), (156, 1), (203, 1), (232, 1), (233, 4), (234, 4), (291, 1), (297, 1), (314, 1), (319, 1), (344, 4), (345, 3), (356, 1), (367, 3), (370, 3), (379, 1), (405, 4), (413, 1), (417, 4), (419, 1), (421, 1), (424, 1), (462, 4), (465, 3), (492, 1), (584, 2), (602, 3), (616, 3), (635, 4), (662, 1), (695, 1), (719, 2), (777, 3), (791, 4), (809, 1), (815, 4), (852, 4), (889, 1), (899, 4), (930, 1), (941, 3), (1000, 1), (1008, 3), (1013, 2), (1100, 4), (1117, 3), (1124, 4), (1135, 2), (1206, 1), (1234, 2)]
15;[(17, 1), (59, 4), (63, 1), (72, 1), (91, 1), (95, 1), (97, 1), (98, 1), (99, 4), (135, 1), (149, 3), (174, 3), (197, 2), (204, 4), (205, 4), (226, 1), (232, 1), (238, 1), (266, 4), (297, 1), (301, 4), (322, 4), (339, 4), (350, 1), (354, 1), (355, 4), (364, 4), (370, 4), (385, 4), (398, 2), (408, 1), (410, 3), (413, 1), (414, 1), (420, 1), (422, 4), (423, 4), (424, 1), (426, 1), (434, 1), (443, 4), (474, 3), (545, 4), (549, 4), (550, 1), (601, 4), (603, 2), (611, 1), (642, 2), (643, 1), (657, 1), (673, 1), (690, 4), (700, 4), (720, 4), (722, 4), (724, 1), (725, 2), (729, 1), (731, 1), (735, 1), (747, 2), (752, 4), (763, 3), (764, 2), (767, 1), (792, 1), (794, 1), (816, 1), (822, 1), (833, 1), (837, 1), (844, 1), (853, 1), (854, 3), (857, 1), (863, 2), (870, 4), (875, 1), (888, 1), (889, 1), (900, 2), (944, 2), (990, 1), (993, 1), (994, 4), (1000, 2), (1013, 2), (1016, 2), (1027, 1), (1033, 1), (1040, 1), (1093, 1), (1098, 1), (1115, 1), (1162, 2), (1184, 4), (1187, 1), (1192, 4), (1195, 1), (1226, 1), (1232, 1), (1234, 1), (1235, 3)]
16;[(5, 1), (10, 1), (17, 1), (36, 1), (41, 2), (46, 4), (69, 1), (72, 1), (89, 4), (92, 1), (95, 4), (97, 1), (98, 1), (126, 1), (129, 3), (130, 1), (132, 1), (134, 1), (135, 2), (148, 1), (150, 1), (168, 1), (181, 3), (182, 4), (186, 4), (189, 1), (197, 1), (202, 1), (205, 1), (212, 1), (225, 1), (226, 1), (238, 2), (240, 3), (255, 1), (288, 1), (290, 1), (292, 1), (297, 1), (298, 2), (301, 4), (314, 3), (320, 1), (322, 4), (330, 1), (331, 1), (333, 2), (350, 2), (357, 1), (359, 2), (364, 4), (370, 4), (376, 3), (386, 1), (396, 4), (398, 2), (413, 1), (421, 1), (424, 3), (428, 2), (434, 1), (443, 4), (462, 1), (466, 4), (468, 4), (472, 1), (473, 1), (475, 4), (478, 2), (489, 1), (490, 1), (510, 1), (512, 1), (518, 3), (522, 3), (550, 2), (553, 1), (559, 1), (581, 1), (582, 2), (586, 1), (594, 3), (615, 1), (616, 1), (641, 3), (642, 3), (643, 2), (649, 4), (656, 1), (657, 2), (658, 2), (659, 4), (660, 2), (662, 2), (673, 1), (676, 1), (708, 1), (709, 1), (711, 1), (715, 1), (719, 2), (722, 4), (723, 1), (724, 1), (725, 1), (727, 4), (729, 1), (730, 1), (731, 1), (735, 1), (755, 3), (756, 4), (758, 1), (762, 1), (763, 3), (764, 1), (767, 1), (770, 2), (772, 4), (783, 1), (791, 2), (797, 1), (799, 4), (809, 1), (810, 1), (816, 2), (822, 1), (834, 4), (835, 1), (837, 1), (844, 1), (867, 1), (870, 1), (872, 3), (875, 1), (882, 1), (888, 1), (889, 1), (893, 1), (896, 1), (901, 3), (902, 2), (919, 1), (928, 1), (932, 1), (935, 4), (937, 2), (938, 1), (941, 1), (943, 2), (944, 2), (970, 1), (974, 1), (984, 2), (990, 1), (991, 1), (993, 4), (994, 1), (1000, 2), (1002, 2), (1016, 3), (1017, 4), (1023, 1), (1033, 1), (1037, 1), (1051, 1), (1066, 1), (1076, 1), (1080, 1), (1098, 1), (1101, 1), (1115, 1), (1135, 1), (1154, 3), (1158, 1), (1189, 1), (1192, 4), (1226, 3), (1232, 1), (1234, 2)]
17;[(49, 4), (89, 3), (101, 1), (128, 1), (132, 1), (135, 1), (153, 1), (189, 1), (233, 1), (238, 1), (297, 1), (298, 1), (301, 1), (330, 1), (333, 1), (357, 4), (359, 3), (370, 3), (428, 2), (443, 2), (450, 1), (506, 1), (643, 2), (660, 1), (662, 3), (688, 4), (722, 1), (729, 1), (730, 2), (731, 1), (735, 1), (791, 4), (810, 4), (816, 2), (837, 1), (839, 1), (845, 1), (882, 1), (889, 1), (897, 1), (937, 1), (938, 1), (941, 2), (944, 2), (1000, 1), (1023, 1), (1040, 1), (1069, 1), (1080, 1), (1088, 1), (1101, 4), (1103, 3), (1115, 1), (1187, 1), (1234, 1)]
18;[(129, 4), (153, 1), (205, 3), (226, 1), (364, 1), (370, 2), (414, 1), (424, 3), (443, 1), (642, 1), (656, 2), (657, 2), (658, 2), (660, 2), (725, 3), (816, 1), (935, 2), (993, 3), (994, 1), (1016, 3), (1162, 2)]
19;[(21, 3), (49, 1), (359, 3), (370, 2), (398, 1), (432, 4), (455, 1), (487, 4), (506, 4), (618, 4), (626, 4), (672, 4), (688, 4), (693, 4), (897, 4), (936, 1), (944, 1), (1000, 1), (1049, 4), (1103, 4), (1129, 1), (1205, 1)]
20;[(126, 4), (133, 1), (153, 1), (181, 1), (207, 4), (208, 4), (220, 4), (278, 4), (283, 2), (286, 4), (287, 4), (288, 2), (290, 4), (292, 4), (370, 2), (443, 1), (538, 4), (539, 4), (540, 4), (544, 4), (604, 1), (643, 1), (711, 3), (715, 3), (731, 1), (758, 4), (767, 1), (791, 1), (823, 4), (824, 2), (882, 1), (919, 1), (924, 4), (928, 1), (944, 1), (962, 4), (970, 2), (1066, 4), (1080, 1), (1115, 4), (1168, 4), (1189, 1), (1213, 4), (1215, 4), (1234, 2), (1239, 3)]
21;[(68, 4), (97, 1), (98, 2), (181, 1), (251, 4), (413, 1), (416, 1), (434, 1), (443, 1), (551, 1), (615, 1), (676, 1), (708, 4), (709, 4), (719, 2), (722, 1), (751, 1), (756, 1), (757, 1), (932, 1), (941, 3), (1098, 1), (1115, 4), (1158, 4), (1189, 1)]
22;[(13, 4), (39, 2), (67, 1), (69, 1), (104, 1), (130, 4), (189, 1), (197, 1), (221, 1), (226, 1), (237, 2), (247, 1), (258, 4), (262, 4), (276, 4), (322, 1), (325, 1), (333, 1), (342, 2), (343, 2), (350, 1), (365, 1), (370, 3), (392, 1), (431, 4), (464, 1), (465, 1), (473, 4), (478, 4), (503, 3), (510, 2), (512, 2), (514, 2), (586, 1), (590, 2), (654, 2), (671, 3), (682, 1), (692, 4), (704, 4), (713, 1), (729, 1), (731, 1), (735, 1), (764, 4), (774, 2), (788, 3), (843, 2), (845, 1), (871, 2), (880, 3), (881, 2), (882, 1), (888, 1), (898, 4), (908, 4), (942, 1), (946, 1), (968, 1), (1000, 1), (1033, 1), (1040, 1), (1083, 4), (1093, 1), (1114, 2), (1144, 1), (1156, 4), (1166, 2), (1194, 4), (1195, 1)]
23;[(9, 4), (10, 4), (11, 2), (12, 4), (34, 4), (42, 4), (99, 4), (162, 1), (163, 1), (167, 1), (198, 1), (248, 1), (285, 1), (322, 2), (350, 2), (370, 2), (426, 4), (434, 4), (464, 1), (509, 4), (541, 4), (582, 1), (583, 1), (598, 1), (716, 2), (780, 1), (859, 3), (883, 1), (888, 2), (979, 4), (984, 1), (1096, 2), (1114, 4), (1156, 1), (1163, 1)]
24;[(32, 2), (72, 1), (199, 1), (207, 1), (210, 3), (240, 1), (254, 4), (331, 1), (370, 1), (377, 1), (411, 1), (477, 1), (492, 1), (522, 1), (552, 1), (559, 1), (611, 2), (647, 4), (677, 1), (724, 1), (763, 1), (858, 1), (913, 4), (915, 4), (926, 4), (934, 1), (1000, 1), (1031, 3), (1109, 4), (1195, 4), (1232, 1)]
25;[(72, 4), (74, 3), (83, 3), (84, 2), (106, 3), (112, 1), (120, 2), (141, 1), (162, 2), (172, 1), (198, 3), (221, 1), (276, 1), (370, 2), (390, 1), (392, 1), (411, 4), (415, 1), (425, 1), (431, 4), (432, 1), (464, 1), (465, 3), (503, 4), (505, 1), (530, 1), (550, 1), (559, 1), (566, 1), (568, 1), (569, 3), (622, 1), (647, 4), (855, 1), (858, 4), (875, 1), (880, 1), (881, 2), (891, 1), (913, 4), (915, 1), (926, 4), (949, 1), (977, 1), (1027, 1), (1031, 1), (1083, 1), (1156, 2), (1194, 4), (1195, 4), (1210, 1)]
26;[(74, 2), (104, 4), (199, 4), (221, 1), (281, 4), (285, 4), (328, 4), (333, 1), (342, 3), (343, 2), (370, 1), (392, 1), (431, 4), (434, 1), (442, 1), (465, 1), (485, 1), (488, 1), (490, 1), (610, 4), (617, 4), (665, 4), (713, 1), (774, 2), (807, 4), (855, 1), (881, 2), (942, 3), (1061, 4), (1144, 4), (1166, 4), (1194, 4), (1195, 1)]
27;[(98, 3), (179, 1), (599, 4), (756, 1), (858, 1), (905, 4), (912, 1), (913, 2), (1000, 1), (1083, 1), (1096, 1)]
28;[(134, 1), (135, 2), (136, 1), (215, 4), (274, 1), (300, 1), (322, 1), (331, 1), (333, 1), (343, 1), (351, 4), (352, 4), (370, 4), (392, 1), (398, 1), (465, 1), (467, 1), (477, 4), (510, 1), (550, 1), (559, 1), (586, 1), (611, 1), (665, 1), (722, 3), (724, 2), (729, 1), (735, 1), (759, 4), (763, 2), (822, 4), (832, 1), (837, 1), (875, 1), (882, 1), (913, 1), (937, 1), (942, 2), (944, 1), (969, 1), (990, 1), (1000, 3), (1033, 2), (1040, 2), (1083, 4), (1093, 2), (1187, 1), (1192, 2), (1222, 1), (1226, 1), (1234, 2)]
29;[(15, 3), (100, 1), (215, 4), (274, 4), (300, 4), (322, 4), (333, 2), (343, 1), (350, 2), (351, 4), (352, 4), (353, 3), (370, 4), (385, 1), (392, 1), (434, 1), (442, 1), (477, 3), (510, 1), (553, 1), (687, 1), (714, 2), (722, 3), (724, 2), (729, 1), (759, 4), (763, 3), (764, 1), (788, 1), (822, 2), (832, 4), (837, 1), (875, 1), (937, 1), (942, 2), (944, 3), (1000, 1), (1033, 1), (1040, 2), (1083, 1), (1093, 1), (1184, 1), (1192, 4), (1234, 2)]
30;[(117, 1), (328, 2), (332, 1), (433, 4), (492, 1), (557, 1), (586, 4), (687, 1), (775, 1), (880, 4), (881, 1), (911, 4), (942, 2), (1001, 2), (1084, 1), (1224, 4), (1234, 1)]
31;[(43, 4), (69, 1), (127, 4), (128, 1), (136, 3), (145, 1), (168, 2), (189, 4), (213, 1), (226, 4), (239, 4), (272, 1), (330, 4), (331, 2), (332, 4), (359, 1), (370, 4), (389, 1), (433, 4), (448, 4), (467, 4), (512, 1), (550, 1), (551, 2), (557, 4), (586, 4), (620, 2), (628, 3), (651, 4), (701, 2), (722, 2), (724, 1), (729, 2), (735, 1), (760, 4), (762, 1), (764, 1), (839, 4), (845, 4), (882, 4), (937, 2), (938, 4), (940, 2), (942, 3), (944, 1), (999, 4), (1000, 2), (1020, 4), (1022, 4), (1036, 4), (1040, 3), (1084, 4), (1093, 1), (1187, 2), (1224, 3), (1232, 1), (1233, 4), (1234, 2)]
32;[(43, 1), (127, 1), (128, 1), (181, 1), (184, 4), (189, 1), (212, 2), (226, 1), (239, 2), (315, 1), (330, 1), (331, 1), (370, 1), (389, 4), (433, 4), (467, 1), (473, 1), (489, 1), (506, 1), (586, 3), (722, 4), (735, 1), (764, 1), (882, 1), (937, 1), (999, 1), (1040, 2), (1093, 1), (1220, 1), (1234, 2)]
33;[(37, 2), (65, 1), (91, 4), (94, 3), (96, 1), (210, 3), (225, 2), (297, 1), (359, 3), (370, 4), (403, 4), (404, 1), (413, 1), (465, 4), (515, 1), (612, 4), (637, 3), (638, 3), (663, 1), (719, 1), (721, 4), (731, 1), (763, 2), (764, 1), (773, 1), (793, 1), (795, 1), (797, 3), (811, 4), (818, 3), (822, 1), (825, 4), (846, 1), (882, 1), (888, 2), (889, 1), (916, 4), (920, 4), (927, 4), (978, 3), (981, 1), (995, 4), (996, 4), (1000, 1), (1023, 1), (1052, 4), (1072, 1), (1098, 1), (1105, 4), (1113, 4), (1122, 4), (1123, 3), (1183, 4), (1186, 4), (1189, 2), (1215, 1), (1234, 4)]
34;[(37, 4), (65, 4), (76, 2), (77, 1), (94, 1), (135, 1), (225, 1), (235, 1), (236, 1), (247, 1), (261, 4), (277, 1), (297, 1), (359, 1), (403, 4), (404, 4), (465, 4), (471, 4), (552, 1), (627, 1), (637, 4), (638, 4), (721, 4), (773, 4), (795, 4), (817, 4), (818, 1), (825, 1), (846, 4), (916, 4), (933, 1), (941, 1), (944, 1), (995, 4), (1000, 1), (1023, 1), (1052, 2), (1186, 1), (1234, 1)]
35;[(32, 1), (120, 1), (210, 4), (811, 3), (825, 1), (888, 1), (913, 3), (915, 3), (920, 1), (926, 1), (948, 1), (1105, 1), (1109, 4), (1119, 1)]
36;[(66, 1), (325, 1), (370, 1), (403, 2), (612, 3), (721, 1), (722, 3), (724, 1), (1052, 3)]
37;[(3, 4), (4, 1), (28, 3), (33, 4), (35, 4), (38, 4), (65, 2), (71, 4), (76, 2), (116, 1), (119, 1), (120, 4), (131, 4), (148, 1), (150, 1), (158, 4), (175, 4), (203, 4), (220, 1), (225, 4), (231, 2), (233, 1), (234, 4), (238, 2), (247, 4), (280, 4), (291, 1), (294, 1), (318, 4), (319, 4), (333, 3), (334, 2), (342, 1), (345, 1), (370, 2), (378, 4), (379, 4), (380, 4), (392, 1), (403, 1), (428, 2), (433, 1), (443, 1), (465, 4), (470, 4), (476, 4), (482, 4), (483, 4), (491, 4), (492, 4), (510, 1), (512, 1), (514, 1), (596, 1), (600, 4), (627, 4), (671, 1), (697, 4), (711, 1), (712, 4), (717, 4), (721, 1), (731, 1), (774, 3), (776, 1), (815, 4), (817, 4), (818, 1), (831, 4), (835, 4), (849, 4), (866, 3), (871, 2), (877, 4), (888, 1), (930, 4), (933, 4), (941, 1), (942, 4), (944, 1), (946, 4), (991, 4), (1008, 4), (1011, 3), (1014, 4), (1028, 4), (1080, 1), (1126, 4), (1128, 4), (1130, 1), (1131, 4), (1133, 4), (1135, 3), (1174, 4), (1176, 4), (1178, 4), (1182, 4), (1234, 4)]
38;[(14, 4), (76, 1), (117, 2), (142, 1), (252, 1), (360, 4), (370, 1), (390, 4), (392, 1), (444, 1), (465, 4), (503, 1), (505, 1), (510, 1), (572, 1), (573, 1), (621, 1), (622, 1), (627, 1), (634, 4), (644, 4), (646, 2), (666, 2), (702, 1), (729, 1), (776, 1), (786, 1), (856, 1), (862, 1), (866, 1), (873, 2), (881, 1), (882, 1), (888, 1), (971, 4), (990, 1), (1001, 1), (1024, 2), (1027, 1), (1029, 1), (1059, 1), (1066, 1), (1068, 4), (1072, 1), (1075, 1), (1130, 4), (1136, 4), (1140, 4), (1146, 2), (1148, 2), (1160, 2), (1230, 1), (1234, 3)]
39;[(3, 1), (67, 1), (74, 1), (76, 1), (83, 4), (84, 1), (85, 4), (102, 1), (107, 1), (108, 1), (112, 2), (135, 1), (143, 1), (216, 4), (217, 4), (218, 4), (219, 4), (221, 4), (222, 4), (225, 4), (226, 1), (230, 2), (233, 1), (235, 4), (236, 4), (244, 1), (248, 1), (249, 4), (252, 3), (254, 2), (263, 3), (276, 1), (277, 4), (289, 4), (293, 4), (297, 1), (301, 1), (304, 4), (306, 1), (307, 2), (308, 1), (338, 4), (342, 1), (343, 1), (356, 3), (360, 1), (365, 1), (366, 1), (370, 1), (392, 1), (404, 1), (407, 4), (412, 3), (420, 4), (433, 2), (453, 1), (465, 1), (470, 4), (488, 2), (490, 1), (494, 1), (503, 1), (505, 2), (508, 2), (510, 2), (529, 2), (530, 1), (532, 1), (534, 2), (535, 1), (553, 3), (560, 4), (563, 1), (564, 2), (565, 1), (566, 1), (567, 2), (568, 1), (569, 1), (570, 2), (571, 2), (572, 1), (573, 3), (576, 1), (584, 4), (586, 1), (608, 2), (610, 1), (619, 4), (621, 1), (622, 1), (627, 1), (639, 4), (645, 4), (646, 2), (647, 1), (652, 1), (654, 4), (702, 1), (716, 3), (729, 1), (738, 1), (739, 1), (740, 1), (744, 1), (746, 1), (749, 1), (776, 1), (777, 2), (786, 2), (845, 1), (849, 1), (851, 4), (862, 1), (869, 2), (873, 4), (881, 2), (882, 1), (888, 1), (889, 1), (892, 1), (902, 1), (918, 1), (942, 1), (944, 1), (949, 2), (966, 2), (971, 4), (990, 1), (1001, 2), (1026, 1), (1027, 2), (1029, 2), (1044, 1), (1066, 1), (1070, 1), (1072, 1), (1076, 1), (1096, 1), (1127, 3), (1135, 1), (1136, 1), (1137, 4), (1139, 4), (1140, 1), (1141, 4), (1146, 2), (1148, 2), (1160, 1), (1161, 1), (1185, 1), (1194, 1), (1209, 1), (1210, 1), (1211, 2), (1222, 1), (1224, 1), (1225, 4), (1230, 2), (1234, 4), (1236, 1), (1238, 1)]
40;[(2, 1), (3, 4), (4, 4), (5, 1), (9, 1), (10, 1), (17, 1), (28, 4), (32, 1), (35, 1), (76, 1), (77, 4), (95, 3), (103, 1), (105, 1), (108, 1), (109, 2), (112, 1), (115, 1), (116, 4), (119, 2), (120, 1), (132, 1), (142, 1), (144, 1), (150, 2), (151, 1), (169, 1), (173, 1), (189, 1), (198, 1), (210, 1), (225, 4), (231, 4), (233, 4), (235, 1), (236, 1), (240, 3), (248, 1), (249, 1), (252, 2), (254, 4), (261, 1), (263, 1), (277, 4), (279, 1), (289, 1), (291, 1), (293, 2), (294, 3), (297, 1), (298, 1), (304, 1), (308, 1), (333, 1), (338, 1), (344, 2), (345, 1), (351, 1), (352, 1), (370, 2), (392, 1), (404, 4), (405, 4), (407, 1), (413, 1), (417, 2), (420, 2), (434, 1), (465, 4), (478, 1), (479, 4), (508, 1), (510, 1), (515, 1), (526, 1), (529, 1), (532, 1), (535, 1), (553, 1), (560, 2), (571, 1), (572, 1), (573, 2), (576, 1), (583, 1), (613, 1), (616, 1), (619, 1), (645, 1), (646, 1), (654, 1), (673, 1), (677, 1), (731, 1), (735, 1), (763, 1), (780, 1), (785, 4), (786, 4), (815, 4), (849, 1), (851, 1), (852, 1), (869, 1), (882, 1), (888, 1), (899, 3), (931, 1), (941, 4), (942, 1), (949, 1), (954, 2), (956, 1), (959, 1), (1000, 1), (1008, 4), (1024, 1), (1027, 1), (1029, 1), (1052, 2), (1080, 2), (1100, 4), (1105, 1), (1109, 1), (1117, 4), (1124, 3), (1126, 1), (1127, 2), (1128, 1), (1130, 1), (1131, 1), (1132, 1), (1133, 2), (1135, 4), (1137, 4), (1139, 3), (1141, 3), (1146, 1), (1148, 1), (1160, 2), (1161, 1), (1192, 1), (1193, 4), (1230, 3), (1234, 4)]
41;[(46, 1), (296, 1), (301, 1), (322, 1), (370, 1), (392, 1), (603, 4), (941, 1), (998, 2), (1106, 4), (1107, 4), (1108, 4), (1115, 4), (1184, 1), (1190, 4)]
42;[(5, 1), (46, 1), (57, 4), (92, 4), (135, 1), (209, 4), (245, 3), (297, 1), (301, 4), (314, 1), (317, 4), (322, 1), (337, 4), (339, 1), (370, 2), (416, 4), (434, 1), (443, 3), (489, 1), (505, 4), (509, 1), (550, 1), (585, 4), (586, 1), (601, 1), (695, 4), (719, 1), (722, 1), (724, 1), (731, 1), (763, 1), (764, 1), (770, 1), (822, 1), (837, 1), (888, 1), (931, 3), (944, 1), (1000, 1), (1033, 1), (1040, 1), (1085, 3), (1093, 1), (1187, 1), (1192, 1), (1232, 1), (1234, 2)]
43;[(3, 1), (4, 1), (28, 1), (54, 4), (65, 1), (66, 4), (91, 1), (94, 1), (119, 2), (124, 4), (125, 4), (135, 1), (137, 1), (140, 4), (147, 1), (172, 4), (173, 3), (199, 1), (221, 1), (261, 2), (294, 1), (301, 1), (302, 2), (303, 3), (307, 1), (308, 1), (311, 1), (324, 1), (334, 1), (361, 1), (370, 4), (386, 1), (392, 2), (404, 1), (418, 4), (430, 1), (440, 4), (441, 4), (461, 3), (471, 1), (484, 2), (490, 1), (493, 1), (504, 4), (505, 1), (522, 2), (526, 2), (527, 1), (560, 1), (562, 1), (563, 1), (568, 4), (570, 1), (571, 1), (575, 1), (636, 1), (655, 1), (693, 1), (694, 1), (707, 1), (714, 2), (733, 1), (737, 1), (741, 1), (758, 1), (793, 1), (795, 1), (817, 1), (818, 1), (864, 1), (889, 1), (891, 2), (913, 1), (916, 1), (918, 3), (921, 3), (944, 1), (958, 2), (960, 4), (966, 2), (967, 2), (975, 1), (982, 1), (997, 1), (1000, 1), (1080, 1), (1093, 1), (1094, 1), (1121, 1), (1156, 1), (1167, 2), (1172, 2), (1184, 1), (1185, 1), (1199, 2), (1200, 4), (1209, 1), (1216, 1)]
44;[(44, 4), (45, 1), (53, 4), (67, 4), (72, 4), (74, 4), (83, 2), (84, 4), (106, 2), (108, 1), (118, 1), (121, 1), (122, 2), (124, 4), (125, 1), (135, 1), (138, 1), (142, 1), (143, 4), (154, 4), (166, 1), (171, 4), (172, 1), (190, 4), (235, 3), (236, 4), (242, 3), (243, 3), (244, 3), (257, 2), (264, 3), (269, 4), (276, 1), (297, 1), (310, 1), (312, 4), (325, 4), (336, 4), (360, 2), (370, 1), (371, 1), (381, 1), (386, 4), (390, 4), (392, 1), (399, 4), (409, 1), (411, 4), (415, 3), (430, 2), (435, 1), (436, 3), (453, 4), (465, 1), (493, 2), (495, 4), (503, 1), (504, 4), (523, 2), (528, 4), (538, 1), (548, 4), (561, 4), (563, 1), (566, 4), (567, 4), (568, 4), (569, 3), (570, 3), (572, 3), (574, 4), (575, 4), (576, 1), (590, 1), (608, 1), (621, 4), (622, 4), (623, 4), (624, 4), (625, 4), (634, 4), (636, 4), (645, 2), (647, 4), (655, 4), (666, 4), (691, 4), (702, 4), (737, 4), (743, 4), (747, 1), (750, 4), (765, 4), (766, 4), (767, 1), (786, 4), (840, 4), (841, 3), (847, 4), (850, 4), (856, 1), (858, 4), (862, 1), (873, 4), (875, 1), (951, 4), (953, 4), (961, 1), (967, 4), (971, 4), (973, 4), (1024, 4), (1029, 4), (1030, 4), (1053, 4), (1054, 1), (1055, 4), (1057, 3), (1059, 4), (1070, 1), (1072, 4), (1130, 1), (1136, 1), (1139, 1), (1142, 2), (1144, 1), (1146, 3), (1148, 4), (1156, 4), (1157, 1), (1160, 4), (1185, 4), (1196, 1), (1201, 4), (1202, 4), (1210, 1), (1212, 1), (1222, 4), (1230, 4), (1231, 3)]
45;[(278, 1), (283, 1), (286, 1), (287, 2), (288, 1), (289, 3), (290, 3), (292, 3), (293, 3), (338, 4), (538, 3), (540, 1), (715, 1), (758, 2), (803, 4), (919, 4), (924, 4), (1050, 1), (1159, 4), (1168, 1)]
46;[(51, 4), (53, 4), (370, 1), (410, 2), (430, 1), (500, 1), (503, 4), (516, 4), (553, 2), (568, 1), (623, 1), (702, 4), (737, 4), (854, 4), (856, 4), (857, 1), (1196, 1), (1212, 4)]
47;[(15, 1), (57, 1), (92, 3), (118, 1), (121, 1), (125, 1), (163, 4), (165, 1), (172, 2), (183, 1), (208, 1), (209, 3), (245, 1), (259, 1), (278, 1), (279, 1), (283, 1), (286, 1), (287, 1), (295, 4), (296, 1), (301, 3), (302, 1), (317, 3), (337, 1), (361, 1), (370, 1), (406, 4), (416, 1), (436, 1), (505, 4), (508, 3), (525, 1), (585, 3), (613, 3), (684, 4), (694, 4), (695, 3), (707, 2), (781, 1), (862, 1), (868, 1), (906, 4), (928, 1), (931, 1), (971, 1), (998, 2), (1000, 2), (1013, 1), (1058, 3), (1075, 1), (1106, 1), (1107, 1), (1108, 1), (1129, 1), (1132, 1), (1165, 4), (1192, 1), (1194, 1), (1206, 1)]
48;[(44, 2), (72, 1), (74, 1), (124, 3), (143, 1), (154, 4), (190, 1), (257, 2), (312, 1), (336, 4), (386, 1), (422, 1), (436, 4), (453, 4), (493, 2), (495, 3), (523, 3), (548, 3), (566, 1), (568, 4), (576, 4), (691, 1), (765, 1), (766, 1), (786, 1), (850, 4), (967, 2), (1142, 3), (1201, 1), (1231, 4)]
49;[(72, 1), (84, 1), (138, 4), (143, 4), (230, 3), (313, 4), (370, 1), (392, 2), (393, 3), (430, 1), (436, 4), (440, 1), (465, 1), (493, 4), (503, 1), (504, 4), (505, 1), (523, 3), (530, 1), (553, 1), (562, 3), (563, 3), (566, 1), (568, 4), (570, 2), (586, 1), (608, 1), (624, 4), (625, 4), (691, 3), (726, 1), (743, 3), (749, 2), (953, 4), (972, 4), (1198, 4)]
50;[(44, 1), (259, 4), (309, 1), (347, 1), (435, 4), (440, 2), (495, 4), (505, 1), (543, 1), (548, 4), (568, 2), (570, 1), (575, 1), (601, 1), (634, 1), (829, 1), (848, 4), (953, 4), (961, 4), (973, 3), (1058, 1), (1156, 4), (1157, 4), (1159, 4), (1160, 1)]
51;[(1, 1), (11, 1), (14, 1), (18, 3), (19, 3), (26, 4), (44, 3), (51, 1), (55, 1), (62, 1), (63, 1), (66, 1), (67, 4), (72, 4), (83, 1), (84, 4), (85, 4), (102, 2), (107, 3), (108, 1), (112, 4), (114, 4), (122, 4), (124, 1), (135, 1), (137, 4), (141, 4), (142, 4), (177, 1), (190, 1), (191, 4), (196, 2), (200, 1), (201, 4), (214, 4), (216, 1), (217, 1), (218, 1), (219, 1), (221, 1), (222, 1), (225, 4), (230, 1), (235, 4), (236, 4), (245, 1), (249, 4), (252, 1), (254, 4), (263, 1), (264, 2), (270, 4), (276, 1), (277, 3), (279, 2), (281, 2), (289, 1), (297, 2), (302, 4), (303, 4), (304, 4), (305, 4), (306, 4), (307, 2), (308, 4), (311, 1), (322, 1), (325, 4), (333, 3), (337, 2), (343, 1), (345, 1), (355, 1), (360, 2), (365, 4), (366, 4), (370, 4), (382, 1), (383, 3), (386, 4), (391, 2), (392, 4), (400, 4), (402, 1), (407, 4), (415, 3), (417, 1), (418, 4), (419, 4), (430, 3), (435, 1), (437, 1), (440, 1), (442, 4), (444, 4), (445, 4), (465, 4), (481, 4), (484, 4), (488, 1), (490, 4), (493, 2), (494, 4), (495, 1), (498, 4), (501, 4), (502, 1), (503, 2), (504, 4), (505, 1), (510, 1), (511, 3), (517, 2), (521, 3), (526, 1), (528, 4), (529, 4), (530, 4), (531, 4), (532, 4), (534, 4), (535, 4), (548, 1), (553, 4), (560, 4), (562, 2), (563, 4), (564, 4), (565, 4), (566, 4), (568, 4), (569, 4), (570, 4), (571, 1), (572, 4), (573, 4), (574, 4), (575, 4), (576, 1), (589, 1), (590, 2), (605, 4), (608, 4), (625, 1), (627, 1), (636, 2), (639, 2), (643, 1), (646, 4), (675, 2), (681, 4), (685, 4), (707, 1), (726, 4), (733, 1), (737, 1), (738, 4), (739, 4), (740, 4), (741, 4), (744, 4), (745, 1), (746, 4), (747, 1), (748, 4), (749, 4), (779, 2), (789, 3), (790, 1), (793, 1), (827, 4), (828, 1), (829, 4), (847, 1), (852, 1), (856, 2), (857, 1), (858, 1), (861, 1), (864, 4), (865, 1), (866, 1), (868, 1), (869, 4), (875, 1), (881, 1), (889, 1), (891, 2), (892, 4), (905, 1), (918, 4), (921, 4), (925, 2), (926, 1), (933, 1), (936, 1), (949, 4), (950, 4), (954, 3), (956, 2), (957, 4), (958, 4), (966, 4), (990, 1), (991, 1), (1001, 1), (1024, 3), (1026, 4), (1027, 1), (1044, 4), (1057, 1), (1065, 1), (1070, 2), (1074, 2), (1076, 4), (1079, 1), (1091, 1), (1120, 4), (1127, 1), (1135, 1), (1137, 1), (1139, 1), (1141, 1), (1156, 4), (1167, 4), (1196, 4), (1198, 1), (1199, 1), (1200, 4), (1202, 1), (1203, 4), (1204, 4), (1207, 4), (1208, 4), (1209, 4), (1210, 4), (1211, 4), (1212, 4), (1234, 1), (1236, 4), (1238, 3)]
52;[(406, 4), (505, 1)]
53;[(1, 1), (11, 1), (55, 1), (81, 1), (160, 1), (188, 1), (223, 1), (228, 1), (347, 2), (370, 1), (401, 3), (432, 4), (447, 3), (505, 1), (509, 1), (577, 3), (590, 2), (767, 2), (917, 1), (987, 4), (1170, 3), (1228, 3), (1229, 3)]
54;[(11, 4), (23, 1), (55, 2), (187, 3), (206, 1), (211, 4), (223, 4), (228, 4), (229, 4), (333, 2), (341, 2), (347, 2), (358, 4), (369, 4), (382, 4), (394, 3), (401, 4), (402, 4), (432, 4), (485, 4), (488, 3), (505, 2), (513, 2), (547, 1), (550, 1), (552, 2), (577, 3), (590, 2), (607, 1), (613, 1), (626, 2), (631, 4), (632, 4), (716, 3), (767, 2), (771, 1), (790, 1), (793, 1), (806, 1), (812, 4), (819, 4), (860, 1), (904, 4), (905, 1), (917, 3), (941, 2), (964, 4), (990, 2), (1003, 1), (1005, 4), (1007, 4), (1013, 2), (1048, 4), (1060, 4), (1099, 1), (1134, 4), (1163, 4), (1164, 3), (1169, 4), (1171, 1), (1192, 1), (1237, 1)]
55;[(70, 1), (232, 2), (305, 1), (347, 1), (358, 1), (391, 3), (430, 1), (432, 4), (463, 2), (505, 2), (521, 4), (530, 4), (640, 2), (675, 1), (749, 1), (779, 2), (820, 4), (828, 3), (847, 1), (890, 2), (1056, 1), (1070, 2), (1156, 1), (1205, 3)]
56;[(55, 1), (89, 2), (123, 1), (135, 1), (181, 3), (185, 2), (212, 3), (288, 2), (290, 2), (292, 2), (414, 1), (424, 1), (432, 1), (443, 1), (450, 1), (758, 1), (767, 4), (783, 1), (794, 1), (919, 1), (924, 1), (925, 1), (928, 1), (970, 1), (972, 1), (1066, 1), (1091, 2), (1093, 1), (1102, 1), (1115, 1), (1234, 1), (1239, 1)]
57;[(1, 4), (6, 1), (8, 1), (11, 1), (62, 1), (79, 1), (80, 1), (81, 1), (160, 2), (177, 1), (178, 3), (188, 2), (200, 1), (223, 4), (228, 1), (282, 2), (346, 3), (369, 1), (370, 3), (394, 3), (397, 1), (415, 1), (432, 3), (447, 1), (513, 1), (577, 1), (588, 3), (590, 4), (668, 1), (778, 3), (784, 1), (790, 3), (812, 2), (833, 1), (860, 3), (865, 3), (890, 2), (905, 3), (983, 3), (986, 3), (987, 4), (988, 3), (989, 2), (1086, 1), (1090, 1), (1091, 2), (1095, 3), (1170, 1), (1171, 1), (1173, 3), (1203, 2)]
58;[(1, 4), (6, 4), (7, 4), (43, 1), (48, 2), (55, 3), (60, 1), (62, 4), (63, 3), (80, 4), (81, 1), (82, 3), (102, 1), (111, 1), (160, 4), (164, 1), (178, 4), (179, 3), (187, 3), (188, 4), (200, 2), (223, 4), (228, 3), (229, 3), (271, 3), (282, 2), (335, 2), (346, 4), (347, 4), (366, 1), (369, 3), (370, 2), (384, 1), (392, 1), (394, 4), (397, 1), (402, 1), (415, 2), (427, 1), (429, 1), (432, 4), (447, 4), (457, 1), (463, 1), (485, 1), (505, 3), (511, 1), (513, 3), (517, 1), (550, 1), (577, 4), (588, 4), (589, 3), (590, 4), (591, 4), (609, 1), (614, 4), (631, 3), (668, 3), (748, 1), (749, 1), (769, 4), (778, 4), (784, 2), (790, 4), (805, 1), (812, 4), (820, 1), (860, 4), (865, 4), (874, 4), (890, 4), (903, 2), (905, 3), (912, 1), (917, 4), (964, 1), (983, 4), (986, 4), (987, 4), (988, 4), (989, 4), (990, 1), (1005, 1), (1025, 2), (1077, 3), (1086, 1), (1090, 1), (1091, 2), (1134, 1), (1170, 4), (1171, 4), (1173, 4), (1228, 1), (1234, 1)]
59;[(1, 1), (6, 1), (11, 1), (18, 2), (45, 1), (48, 3), (55, 4), (62, 1), (63, 1), (67, 1), (79, 1), (80, 1), (81, 2), (84, 3), (102, 4), (107, 3), (110, 1), (111, 1), (122, 2), (160, 2), (164, 1), (166, 2), (177, 1), (179, 1), (187, 1), (188, 1), (191, 3), (200, 1), (214, 4), (223, 4), (228, 4), (229, 4), (245, 1), (275, 3), (279, 4), (281, 1), (284, 4), (306, 1), (333, 1), (335, 3), (346, 2), (347, 2), (365, 4), (366, 4), (369, 1), (370, 3), (382, 1), (386, 2), (392, 2), (394, 4), (397, 4), (401, 4), (402, 4), (415, 1), (425, 1), (427, 1), (430, 1), (432, 4), (442, 1), (444, 1), (447, 1), (452, 1), (465, 1), (485, 2), (504, 1), (505, 4), (509, 4), (513, 4), (521, 1), (524, 1), (530, 1), (565, 4), (572, 3), (574, 3), (577, 4), (588, 3), (590, 3), (591, 1), (607, 1), (608, 3), (609, 1), (614, 1), (631, 2), (668, 4), (670, 4), (678, 1), (679, 1), (685, 1), (689, 4), (738, 1), (748, 1), (767, 4), (769, 1), (778, 2), (784, 4), (790, 3), (812, 4), (820, 1), (827, 2), (828, 1), (833, 4), (860, 2), (865, 4), (869, 1), (874, 2), (882, 1), (903, 4), (905, 4), (912, 1), (917, 2), (936, 4), (937, 1), (964, 1), (977, 1), (983, 2), (986, 2), (987, 1), (988, 2), (989, 4), (990, 1), (1005, 1), (1007, 1), (1025, 4), (1044, 2), (1056, 1), (1060, 2), (1071, 1), (1074, 4), (1075, 1), (1077, 4), (1091, 2), (1095, 4), (1097, 1), (1102, 4), (1134, 1), (1143, 1), (1163, 4), (1170, 1), (1171, 4), (1172, 2), (1173, 3), (1203, 1), (1205, 4), (1228, 1), (1232, 1)]
60;[(17, 2), (87, 1), (100, 4), (155, 3), (241, 4), (267, 3), (322, 3), (340, 1), (348, 4), (354, 1), (370, 1), (446, 3), (519, 2), (550, 1), (587, 3), (597, 3), (653, 2), (698, 4), (722, 1), (724, 1), (751, 1), (764, 1), (990, 2), (1000, 1), (1004, 4), (1040, 1), (1041, 3), (1043, 3), (1046, 1), (1047, 3), (1104, 1), (1110, 2), (1192, 2), (1194, 1)]
61;[(10, 2), (56, 1), (62, 1), (63, 1), (114, 1), (132, 1), (187, 1), (195, 4), (196, 4), (197, 1), (200, 1), (226, 1), (298, 1), (347, 1), (358, 1), (370, 3), (383, 4), (427, 1), (432, 2), (434, 1), (437, 4), (439, 1), (465, 3), (481, 3), (490, 3), (498, 2), (500, 1), (501, 4), (502, 4), (505, 4), (511, 2), (517, 1), (531, 4), (532, 1), (535, 1), (565, 1), (570, 2), (590, 2), (605, 4), (668, 1), (685, 4), (726, 1), (735, 1), (738, 1), (739, 1), (741, 1), (754, 4), (763, 1), (767, 1), (827, 1), (847, 1), (864, 1), (865, 1), (875, 1), (882, 1), (912, 1), (944, 1), (969, 4), (980, 1), (990, 1), (1040, 1), (1079, 4), (1092, 1), (1093, 1), (1098, 1), (1188, 1), (1207, 1), (1208, 1), (1234, 1), (1236, 1)]
62;[(10, 1), (17, 4), (24, 1), (43, 1), (56, 2), (60, 1), (62, 1), (63, 3), (64, 3), (69, 1), (72, 1), (88, 1), (94, 1), (110, 1), (144, 2), (148, 4), (155, 4), (160, 1), (182, 1), (192, 3), (193, 4), (194, 3), (197, 3), (200, 2), (211, 1), (224, 1), (226, 4), (237, 1), (238, 2), (244, 1), (267, 1), (297, 2), (321, 1), (322, 1), (330, 1), (331, 3), (333, 2), (340, 1), (348, 2), (349, 1), (354, 2), (358, 1), (359, 2), (370, 4), (372, 1), (382, 2), (383, 1), (427, 1), (429, 1), (434, 1), (437, 3), (438, 4), (446, 1), (458, 1), (459, 1), (460, 1), (465, 1), (472, 1), (473, 3), (479, 1), (486, 1), (505, 1), (537, 1), (539, 1), (550, 4), (551, 1), (558, 2), (559, 1), (580, 1), (586, 1), (590, 1), (607, 3), (643, 1), (663, 2), (677, 1), (698, 3), (703, 2), (704, 1), (722, 4), (724, 2), (729, 1), (731, 1), (734, 1), (735, 1), (736, 3), (761, 2), (763, 3), (764, 2), (767, 1), (768, 3), (783, 1), (787, 1), (803, 3), (804, 1), (806, 4), (819, 1), (821, 1), (822, 1), (837, 3), (842, 4), (843, 1), (844, 1), (845, 1), (870, 1), (879, 1), (880, 1), (882, 2), (885, 1), (886, 1), (888, 2), (889, 1), (904, 3), (907, 3), (912, 1), (913, 1), (914, 1), (920, 1), (937, 1), (941, 3), (944, 1), (945, 1), (964, 1), (969, 1), (990, 2), (1000, 2), (1022, 1), (1023, 2), (1032, 1), (1033, 1), (1038, 1), (1039, 1), (1040, 1), (1042, 1), (1071, 1), (1073, 4), (1080, 1), (1093, 1), (1104, 1), (1151, 4), (1192, 1), (1195, 1), (1214, 3), (1232, 1), (1234, 2)]
63;[(1, 1), (23, 1), (62, 1), (63, 1), (166, 1), (322, 2), (347, 3), (370, 1), (374, 1), (429, 4), (434, 3), (437, 1), (438, 1), (463, 4), (490, 1), (499, 3), (500, 1), (501, 1), (502, 1), (505, 1), (592, 2), (669, 1), (698, 1), (704, 1), (724, 1), (763, 1), (803, 1), (805, 2), (821, 1), (922, 1), (976, 3), (980, 1), (1040, 1), (1091, 1), (1155, 4), (1171, 3), (1192, 3), (1228, 3), (1229, 3)]
64;[(17, 2), (20, 1), (22, 4), (24, 1), (64, 4), (144, 2), (148, 2), (155, 1), (160, 1), (197, 2), (227, 1), (267, 1), (322, 1), (331, 1), (349, 1), (358, 1), (370, 3), (372, 4), (382, 1), (434, 1), (437, 4), (472, 1), (550, 1), (590, 1), (605, 1), (606, 1), (674, 1), (698, 1), (703, 1), (722, 1), (724, 1), (768, 1), (814, 4), (842, 4), (844, 1), (882, 1), (889, 1), (907, 1), (944, 1), (963, 2), (1000, 1), (1033, 1), (1038, 4), (1067, 1), (1071, 1), (1076, 1), (1091, 1), (1093, 1), (1188, 1), (1195, 4)]
65;[(17, 2), (20, 4), (22, 3), (24, 4), (64, 4), (87, 2), (93, 1), (132, 1), (135, 1), (144, 4), (148, 2), (155, 4), (192, 3), (194, 4), (197, 2), (206, 4), (211, 4), (224, 1), (227, 1), (238, 1), (267, 1), (297, 1), (322, 1), (323, 1), (331, 2), (341, 2), (349, 4), (358, 1), (368, 4), (370, 4), (372, 4), (383, 1), (386, 1), (387, 4), (388, 4), (437, 4), (519, 1), (539, 1), (543, 1), (546, 1), (550, 1), (578, 4), (587, 1), (597, 1), (599, 1), (606, 4), (611, 1), (629, 1), (653, 2), (674, 4), (699, 4), (722, 3), (736, 4), (763, 1), (788, 1), (803, 1), (814, 2), (819, 1), (821, 2), (833, 1), (842, 4), (882, 1), (885, 4), (886, 4), (889, 1), (904, 3), (913, 1), (963, 1), (964, 3), (990, 1), (1000, 1), (1006, 1), (1007, 3), (1038, 4), (1042, 1), (1045, 3), (1046, 4), (1048, 2), (1067, 3), (1073, 4), (1092, 1), (1093, 1), (1099, 4), (1149, 1), (1150, 1), (1151, 4), (1153, 1), (1164, 1), (1188, 1), (1195, 4), (1214, 1), (1232, 1), (1234, 1), (1237, 4)]
66;[(1, 1), (10, 1), (11, 1), (13, 1), (17, 2), (22, 1), (63, 1), (100, 3), (148, 2), (155, 1), (160, 1), (166, 1), (187, 1), (200, 3), (267, 1), (322, 4), (340, 3), (348, 4), (350, 3), (370, 4), (385, 1), (427, 1), (429, 4), (434, 4), (446, 1), (463, 3), (498, 1), (558, 2), (590, 1), (605, 1), (607, 1), (630, 1), (698, 3), (722, 1), (724, 1), (731, 1), (736, 1), (763, 2), (767, 1), (771, 1), (788, 1), (821, 3), (837, 1), (882, 1), (907, 1), (912, 1), (913, 1), (944, 2), (969, 1), (976, 1), (980, 1), (990, 1), (1004, 1), (1098, 1), (1104, 1), (1109, 1), (1134, 1), (1155, 3), (1192, 4), (1194, 2), (1195, 1), (1214, 1), (1226, 1)]
67;[(43, 1), (61, 1), (148, 4), (354, 1), (370, 3), (472, 3), (473, 1), (519, 1), (724, 2), (764, 1), (842, 2), (910, 3), (914, 3), (1234, 1)]
68;[(11, 1), (64, 1), (90, 4), (135, 1), (195, 3), (206, 4), (297, 1), (327, 1), (331, 1), (341, 2), (349, 4), (358, 1), (359, 1), (370, 1), (437, 1), (438, 3), (543, 4), (546, 2), (550, 1), (607, 1), (632, 1), (734, 2), (819, 1), (826, 1), (838, 1), (882, 1), (889, 1), (904, 4), (913, 1), (944, 1), (964, 3), (969, 1), (1000, 1), (1003, 4), (1040, 1), (1046, 1), (1048, 2), (1093, 1), (1099, 3), (1134, 1), (1149, 1), (1150, 1), (1164, 3), (1172, 1), (1234, 1)]
69;[(193, 4), (326, 1), (327, 2), (359, 4), (363, 4), (370, 4), (438, 4), (550, 1), (703, 4), (724, 1), (837, 1), (907, 4), (944, 3), (1000, 3), (1234, 3)]
70;[(17, 1), (327, 2), (340, 4), (370, 4), (438, 4), (698, 4), (722, 1), (804, 4), (837, 1), (944, 3), (952, 1), (1000, 3), (1009, 4), (1032, 4), (1104, 4), (1232, 1), (1234, 3)]
71;[(11, 1), (56, 1), (148, 4), (327, 1), (370, 1), (547, 1)]
72;[(58, 3), (250, 1), (323, 3), (333, 1), (682, 4), (683, 3), (732, 4), (733, 1), (837, 1), (941, 1), (1000, 1), (1019, 1), (1125, 1)]
73;[(50, 4), (224, 4), (227, 4), (359, 4), (370, 4), (438, 4), (629, 3), (630, 4), (724, 1), (806, 3), (843, 4), (844, 4), (990, 1), (1000, 1), (1093, 1), (1228, 1), (1229, 1), (1234, 1)]
74;[(148, 3), (370, 1), (724, 2), (910, 4), (914, 4), (1000, 1), (1093, 1)]
75;[(100, 1), (241, 2), (273, 2), (316, 4), (348, 2), (354, 2), (359, 3), (370, 4), (446, 4), (519, 2), (587, 2), (597, 1), (751, 2), (757, 1), (837, 1), (944, 3), (1043, 1), (1047, 1), (1110, 3), (1234, 1), (1235, 1)]
76;[(329, 1), (330, 1), (359, 2), (370, 2), (437, 4), (438, 3), (606, 4), (731, 1), (882, 1), (889, 1), (1007, 3), (1023, 1), (1039, 1), (1048, 2), (1080, 1), (1134, 1), (1188, 4)]
77;[(25, 2), (27, 4), (31, 1), (50, 1), (90, 4), (128, 2), (135, 2), (148, 1), (168, 1), (195, 4), (197, 1), (224, 4), (226, 1), (227, 3), (267, 1), (297, 1), (298, 1), (321, 1), (323, 4), (326, 1), (327, 4), (329, 3), (330, 2), (333, 1), (359, 4), (370, 4), (428, 1), (437, 4), (438, 4), (542, 2), (546, 4), (550, 1), (551, 1), (558, 1), (586, 1), (592, 2), (629, 4), (630, 4), (663, 1), (722, 1), (724, 1), (729, 1), (731, 1), (734, 4), (735, 1), (754, 4), (806, 1), (826, 1), (837, 1), (839, 1), (843, 4), (844, 4), (845, 1), (879, 1), (882, 1), (889, 1), (912, 1), (937, 1), (939, 4), (941, 1), (944, 1), (963, 4), (990, 1), (1006, 4), (1012, 4), (1023, 1), (1034, 4), (1035, 4), (1040, 1), (1080, 1), (1092, 1), (1093, 1), (1134, 1), (1138, 4), (1149, 4), (1150, 3), (1152, 4), (1153, 4), (1188, 1), (1220, 4), (1232, 1), (1234, 3)]
78;[(61, 3), (65, 1), (82, 1), (90, 1), (93, 1), (135, 1), (146, 2), (152, 2), (159, 4), (161, 1), (179, 2), (184, 1), (188, 1), (238, 1), (253, 4), (255, 4), (265, 1), (282, 1), (315, 1), (320, 4), (321, 1), (326, 1), (330, 1), (333, 1), (359, 1), (370, 3), (373, 4), (427, 2), (438, 2), (451, 1), (452, 4), (459, 3), (460, 1), (479, 1), (556, 2), (648, 1), (663, 1), (680, 4), (686, 4), (696, 1), (718, 1), (722, 1), (724, 1), (731, 1), (734, 1), (753, 1), (800, 1), (802, 4), (838, 1), (884, 1), (889, 1), (912, 1), (944, 1), (945, 1), (1010, 2), (1015, 1), (1019, 1), (1021, 4), (1042, 1), (1065, 1), (1069, 1), (1071, 2), (1078, 1), (1081, 2), (1086, 1), (1089, 1), (1090, 1), (1091, 3), (1093, 1), (1111, 4), (1112, 1), (1118, 1), (1179, 3), (1180, 3), (1181, 4), (1227, 2), (1234, 2)]
79;[(65, 1), (75, 1), (123, 4), (132, 1), (135, 2), (146, 1), (148, 1), (179, 1), (184, 1), (255, 1), (315, 1), (320, 3), (330, 2), (333, 1), (359, 3), (370, 1), (373, 3), (384, 3), (427, 1), (438, 4), (452, 1), (648, 4), (650, 4), (663, 1), (826, 2), (829, 1), (838, 1), (882, 1), (912, 1), (923, 3), (944, 2), (945, 3), (1000, 1), (1010, 1), (1023, 1), (1065, 1), (1082, 3), (1089, 1), (1091, 2), (1112, 4), (1179, 2), (1181, 4), (1234, 2)]
80;[(61, 1), (135, 1), (152, 1), (159, 2), (238, 2), (330, 1), (333, 2), (427, 1), (438, 1), (451, 1), (452, 1), (453, 1), (458, 4), (459, 1), (460, 4), (612, 1), (663, 1), (696, 3), (722, 1), (753, 4), (800, 4), (884, 1), (912, 1), (945, 3), (1010, 1), (1042, 3), (1065, 1), (1071, 2), (1078, 4), (1091, 1), (1179, 1), (1180, 1), (1227, 4), (1234, 3)]
81;[(31, 1), (90, 3), (93, 1), (132, 1), (135, 1), (195, 1), (253, 1), (321, 4), (326, 3), (359, 1), (370, 4), (438, 4), (542, 3), (546, 4), (550, 1), (551, 1), (586, 1), (592, 1), (729, 1), (731, 1), (734, 4), (941, 2), (944, 1), (990, 1), (1092, 3), (1134, 1), (1232, 1), (1234, 1)]
82;[(25, 4), (31, 1), (90, 4), (93, 4), (132, 1), (135, 4), (148, 1), (152, 1), (159, 2), (189, 1), (195, 1), (197, 1), (238, 1), (253, 4), (297, 1), (321, 4), (326, 4), (327, 3), (330, 1), (331, 1), (333, 1), (359, 4), (370, 4), (427, 1), (438, 4), (458, 2), (542, 3), (543, 2), (546, 4), (550, 1), (551, 1), (586, 1), (592, 1), (722, 1), (724, 1), (729, 1), (731, 1), (734, 4), (826, 1), (837, 1), (845, 1), (879, 1), (882, 1), (889, 1), (904, 1), (912, 1), (937, 1), (941, 2), (944, 2), (952, 1), (963, 4), (990, 1), (1000, 1), (1003, 3), (1040, 1), (1078, 1), (1092, 1), (1150, 1), (1188, 1), (1227, 1), (1232, 1), (1234, 3)]
83;[(18, 4), (166, 4), (187, 1), (238, 1), (366, 1), (370, 3), (394, 1), (427, 1), (430, 1), (432, 4), (447, 2), (463, 1), (501, 1), (505, 2), (517, 1), (550, 1), (590, 2), (609, 1), (668, 1), (767, 1), (905, 1), (912, 1), (988, 1), (989, 1), (1074, 1), (1077, 2), (1091, 1), (1102, 3), (1143, 3), (1170, 1), (1171, 1), (1203, 4)]
84;[(8, 2), (160, 4), (333, 1), (346, 1), (384, 1), (555, 1), (590, 1), (778, 1), (837, 1), (912, 1), (922, 2), (952, 1), (986, 2), (1086, 1), (1112, 2), (1179, 1)]
85;[(29, 4), (58, 3), (88, 1), (98, 1), (179, 1), (200, 2), (202, 4), (250, 1), (370, 2), (427, 1), (432, 1), (438, 1), (469, 1), (475, 3), (589, 1), (590, 1), (724, 1), (732, 1), (733, 1), (888, 1), (912, 1), (941, 1), (969, 1), (982, 3), (983, 1), (1018, 4), (1019, 1), (1022, 1), (1036, 1), (1065, 1), (1118, 4)]
86;[(8, 4), (61, 1), (85, 1), (110, 4), (135, 2), (148, 4), (152, 2), (160, 3), (200, 1), (238, 2), (271, 4), (330, 2), (346, 4), (370, 3), (384, 1), (427, 1), (505, 2), (554, 4), (555, 1), (577, 1), (586, 1), (590, 4), (722, 3), (731, 1), (763, 2), (769, 3), (922, 1), (944, 2), (945, 2), (952, 1), (983, 3), (990, 1), (1000, 2), (1015, 1), (1033, 1), (1071, 1), (1077, 1), (1086, 1), (1090, 1), (1091, 2), (1112, 1), (1118, 1), (1173, 2), (1181, 1), (1227, 1), (1232, 1), (1234, 1)]
87;[(187, 4), (223, 2), (228, 4), (229, 4), (333, 2), (369, 4), (370, 4), (382, 1), (394, 1), (401, 2), (432, 4), (438, 3), (485, 1), (513, 2), (550, 2), (590, 3), (631, 2), (632, 1), (668, 1), (722, 1), (812, 2), (819, 2), (833, 1), (860, 3), (945, 1), (990, 1), (1005, 4), (1007, 1), (1015, 4), (1025, 1), (1032, 1), (1060, 3), (1071, 2), (1134, 2), (1163, 1), (1169, 1), (1180, 1), (1234, 1)]
88;[(370, 3), (443, 1), (457, 4), (590, 3), (614, 3), (668, 1), (678, 2), (679, 2), (702, 1), (945, 1), (990, 1), (1091, 4), (1134, 1), (1144, 1)]
89;[(79, 3), (152, 1), (176, 4), (177, 2), (179, 1), (260, 4), (265, 1), (370, 1), (469, 4), (479, 1), (590, 1), (706, 2), (778, 1), (905, 3), (912, 3), (1065, 1), (1086, 1)]
90;[(7, 4), (160, 1), (161, 1), (176, 4), (177, 4), (200, 4), (260, 3), (265, 4), (370, 1), (451, 4), (479, 3), (505, 1), (589, 1), (590, 4), (763, 1), (778, 2), (874, 1), (884, 4), (912, 4), (987, 1), (1065, 1), (1071, 1), (1086, 4), (1089, 1), (1090, 3), (1091, 3), (1234, 1), (1238, 1)]
91;[(1, 1), (3, 1), (4, 1), (8, 1), (9, 1), (11, 2), (13, 1), (15, 2), (17, 2), (21, 1), (29, 4), (30, 1), (32, 1), (33, 1), (40, 1), (41, 1), (45, 1), (46, 2), (50, 1), (56, 1), (57, 4), (58, 4), (59, 4), (60, 1), (69, 4), (78, 1), (88, 4), (92, 1), (94, 1), (95, 4), (97, 4), (98, 4), (100, 1), (103, 3), (105, 3), (109, 3), (115, 2), (116, 3), (118, 1), (119, 3), (121, 1), (122, 1), (124, 1), (128, 1), (134, 1), (135, 1), (139, 4), (147, 1), (163, 1), (166, 1), (170, 1), (173, 1), (174, 4), (181, 1), (182, 4), (183, 3), (186, 3), (189, 1), (199, 2), (202, 3), (204, 3), (211, 1), (226, 1), (237, 1), (240, 3), (241, 2), (242, 1), (243, 1), (244, 1), (248, 1), (250, 4), (256, 1), (259, 1), (261, 1), (263, 1), (264, 1), (265, 1), (266, 4), (267, 4), (268, 1), (272, 1), (274, 1), (275, 1), (276, 1), (278, 1), (279, 1), (281, 1), (283, 1), (286, 1), (287, 1), (294, 4), (297, 2), (300, 1), (301, 1), (314, 3), (317, 3), (322, 4), (331, 1), (333, 1), (339, 4), (348, 1), (351, 2), (352, 2), (353, 4), (354, 2), (355, 1), (359, 3), (361, 2), (362, 4), (364, 3), (370, 4), (376, 4), (381, 4), (385, 4), (392, 1), (395, 4), (396, 4), (398, 2), (405, 1), (412, 1), (413, 4), (416, 1), (422, 4), (423, 2), (426, 1), (428, 1), (431, 1), (434, 2), (443, 2), (454, 1), (455, 1), (466, 3), (468, 4), (473, 1), (474, 3), (475, 4), (478, 3), (485, 1), (486, 2), (489, 1), (508, 2), (512, 2), (538, 1), (545, 2), (549, 1), (550, 4), (551, 1), (552, 4), (553, 1), (559, 2), (562, 1), (579, 3), (582, 1), (586, 1), (594, 4), (598, 4), (601, 2), (603, 3), (611, 3), (615, 4), (626, 1), (641, 4), (642, 1), (643, 1), (648, 1), (659, 1), (667, 1), (673, 1), (682, 3), (683, 3), (684, 3), (688, 1), (690, 2), (694, 1), (695, 3), (700, 4), (704, 1), (714, 2), (719, 1), (720, 2), (722, 4), (724, 2), (725, 1), (727, 1), (728, 4), (729, 1), (731, 1), (732, 4), (733, 4), (735, 1), (751, 1), (752, 4), (756, 4), (759, 4), (762, 1), (763, 4), (764, 3), (767, 1), (768, 1), (770, 4), (771, 1), (772, 2), (773, 1), (779, 1), (781, 4), (782, 1), (784, 3), (787, 4), (788, 1), (791, 2), (794, 1), (796, 3), (797, 4), (798, 2), (799, 3), (801, 4), (803, 3), (808, 4), (809, 1), (822, 4), (833, 4), (834, 1), (835, 1), (836, 2), (838, 1), (844, 1), (854, 1), (859, 4), (866, 1), (867, 1), (868, 1), (870, 4), (872, 2), (875, 1), (880, 1), (882, 1), (883, 1), (888, 2), (893, 4), (894, 1), (896, 1), (897, 1), (900, 3), (906, 1), (913, 1), (914, 1), (935, 2), (941, 2), (944, 1), (947, 1), (965, 4), (974, 4), (982, 2), (985, 4), (990, 2), (992, 1), (993, 1), (997, 4), (998, 4), (1000, 4), (1018, 4), (1019, 1), (1023, 1), (1033, 1), (1040, 1), (1041, 1), (1043, 1), (1047, 1), (1051, 1), (1054, 1), (1056, 1), (1057, 1), (1058, 1), (1063, 1), (1080, 1), (1085, 1), (1091, 1), (1093, 1), (1095, 4), (1097, 3), (1098, 4), (1103, 1), (1106, 1), (1107, 1), (1108, 1), (1115, 1), (1116, 1), (1118, 4), (1119, 1), (1125, 3), (1134, 1), (1177, 4), (1184, 4), (1186, 1), (1189, 4), (1191, 2), (1192, 1), (1216, 4), (1217, 4), (1219, 4), (1226, 4), (1232, 1), (1234, 2), (1235, 2)]
92;[(17, 1), (43, 1), (111, 1), (130, 1), (135, 3), (136, 1), (148, 1), (181, 1), (185, 1), (189, 1), (193, 1), (200, 1), (213, 4), (226, 2), (238, 3), (258, 4), (333, 2), (342, 1), (354, 3), (370, 3), (377, 2), (392, 1), (429, 1), (434, 1), (446, 1), (465, 2), (472, 4), (473, 4), (479, 1), (489, 4), (492, 1), (503, 1), (510, 1), (514, 2), (550, 2), (559, 2), (586, 1), (596, 1), (599, 4), (607, 1), (611, 3), (643, 1), (653, 1), (661, 4), (671, 1), (687, 1), (692, 1), (705, 3), (722, 4), (724, 4), (729, 1), (731, 1), (735, 1), (763, 2), (764, 2), (767, 1), (778, 3), (783, 4), (788, 1), (804, 1), (806, 1), (822, 1), (824, 1), (826, 1), (837, 1), (838, 1), (839, 1), (842, 4), (845, 1), (856, 1), (858, 2), (859, 1), (879, 4), (883, 1), (888, 1), (889, 1), (908, 1), (910, 2), (914, 3), (915, 1), (926, 1), (930, 2), (934, 3), (940, 1), (941, 2), (944, 1), (946, 1), (952, 4), (990, 2), (1000, 4), (1014, 1), (1023, 1), (1031, 1), (1033, 4), (1040, 1), (1066, 1), (1071, 1), (1093, 1), (1147, 4), (1151, 1), (1186, 1), (1188, 1), (1192, 2), (1195, 4), (1226, 1), (1227, 1), (1232, 4), (1234, 4), (93, 2), (113, 4), (145, 4), (180, 4), (272, 4), (422, 1), (467, 2), (489, 2), (550, 1), (586, 2), (722, 1), (724, 1), (873, 1), (999, 1), (1000, 1), (1020, 1), (1023, 1), (1033, 1), (1233, 1)]
94;[(78, 2), (114, 1), (122, 1), (123, 1), (137, 1), (192, 1), (209, 2), (270, 1), (277, 1), (282, 1), (309, 4), (311, 4), (322, 1), (359, 1), (370, 2), (400, 1), (435, 1), (436, 1), (440, 4), (442, 1), (494, 4), (498, 4), (504, 1), (505, 1), (533, 1), (536, 4), (571, 1), (742, 4), (745, 4), (789, 2), (955, 4), (1016, 1), (1091, 1), (1092, 1), (1121, 4), (1143, 4), (1156, 4), (1158, 1), (1197, 4), (1199, 4), (1200, 1), (1204, 4), (1223, 4)]
95;[(12, 1), (30, 4), (43, 1), (192, 1), (257, 1), (322, 1), (603, 3), (606, 3), (1097, 1)]
96;[(9, 1), (40, 2), (43, 1), (75, 4), (454, 4), (455, 4), (520, 2), (526, 2), (527, 1), (673, 4), (883, 1), (1087, 1)]
97;[(52, 1), (68, 1), (135, 1), (140, 2), (190, 1), (392, 1), (416, 2), (538, 1), (539, 4), (751, 3), (757, 4)]
98;[(145, 4), (180, 3), (270, 1), (272, 3), (362, 1), (467, 1), (595, 1), (667, 1), (728, 4), (782, 4), (787, 3), (985, 3), (1018, 1), (1019, 1), (1118, 2)]
99;[(268, 4), (324, 4), (449, 4), (992, 3), (1191, 2)]
100;[(59, 2), (183, 4), (370, 4), (579, 4), (803, 2), (833, 2), (1000, 4), (1017, 4), (1033, 1), (1097, 2), (1232, 2)]
